P,E,eta,uptime,fee,profit_mean,P_loss,mis_naive,mis_std,mis_champ,VPI_vs_naive,val_champ_vs_naive,val_champ_vs_std
40000.0,0.03,18,0.9,0.05,449231.7564100742,0.0,23283.322135604998,25246.819602866984,20826.022458106567,23283.322135604998,2457.2996774984313,4420.797144760418
40000.0,0.03,18,0.9,0.3,497462.2884108674,0.0,25116.654587227436,27234.758154273823,22465.866746146454,25116.654587227436,2650.7878410809826,4768.891408127369
40000.0,0.03,18,0.97,0.05,484172.0041308577,0.0,25094.247190596492,27210.461127534414,22445.824204848188,25094.247190596492,2648.422985748304,4764.636922686226
40000.0,0.03,18,0.97,0.3,536153.7997317127,0.0,27070.172166234013,29353.01712182846,24213.2119375134,27070.172166234013,2856.9602287206144,5139.805184315061
40000.0,0.03,25,0.9,0.05,385727.7564100742,0.05504587155963303,23283.322135604998,25246.819602866984,20826.022458106567,23283.322135604998,2457.2996774984313,4420.797144760418
40000.0,0.03,25,0.9,0.3,433958.2884108674,0.027522935779816515,25116.654587227436,27234.758154273823,22465.866746146454,25116.654587227436,2650.7878410809826,4768.891408127369
40000.0,0.03,25,0.97,0.05,415728.80413085764,0.05504587155963303,25094.247190596492,27210.461127534414,22445.824204848188,25094.247190596492,2648.422985748304,4764.636922686226
40000.0,0.03,25,0.97,0.3,467710.59973171266,0.027522935779816515,27070.172166234013,29353.01712182846,24213.2119375134,27070.172166234013,2856.9602287206144,5139.805184315061
40000.0,0.03,32,0.9,0.05,322223.7564100742,0.22018348623853212,23283.322135604998,25246.819602866984,20826.022458106567,23283.322135604998,2457.2996774984313,4420.797144760418
40000.0,0.03,32,0.9,0.3,370454.2884108674,0.1559633027522936,25116.654587227436,27234.758154273823,22465.866746146454,25116.654587227436,2650.7878410809826,4768.891408127369
40000.0,0.03,32,0.97,0.05,347285.6041308576,0.22018348623853212,25094.247190596492,27210.461127534414,22445.824204848188,25094.247190596492,2648.422985748304,4764.636922686226
40000.0,0.03,32,0.97,0.3,399267.39973171265,0.1559633027522936,27070.172166234013,29353.01712182846,24213.2119375134,27070.172166234013,2856.9602287206144,5139.805184315061
40000.0,0.05,18,0.9,0.05,340367.7564100742,0.1651376146788991,23283.322135604998,25246.819602866984,20826.022458106567,23283.322135604998,2457.2996774984313,4420.797144760418
40000.0,0.05,18,0.9,0.3,388598.2884108674,0.11926605504587157,25116.654587227436,27234.758154273823,22465.866746146454,25116.654587227436,2650.7878410809826,4768.891408127369
40000.0,0.05,18,0.97,0.05,366840.80413085764,0.1651376146788991,25094.247190596492,27210.461127534414,22445.824204848188,25094.247190596492,2648.422985748304,4764.636922686226
40000.0,0.05,18,0.97,0.3,418822.59973171266,0.11926605504587157,27070.172166234013,29353.01712182846,24213.2119375134,27070.172166234013,2856.9602287206144,5139.805184315061
40000.0,0.05,25,0.9,0.05,234527.75641007416,0.3853211009174312,23283.322135604998,25246.819602866984,20826.022458106567,23283.322135604998,2457.2996774984313,4420.797144760418
40000.0,0.05,25,0.9,0.3,282758.2884108674,0.30275229357798167,25116.654587227436,27234.758154273823,22465.866746146454,25116.654587227436,2650.7878410809826,4768.891408127369
40000.0,0.05,25,0.97,0.05,252768.80413085766,0.3853211009174312,25094.247190596492,27210.461127534414,22445.824204848188,25094.247190596492,2648.422985748304,4764.636922686226
40000.0,0.05,25,0.97,0.3,304750.5997317126,0.30275229357798167,27070.172166234013,29353.01712182846,24213.2119375134,27070.172166234013,2856.9602287206144,5139.805184315061
40000.0,0.05,32,0.9,0.05,128687.75641007417,0.4954128440366973,23283.322135604998,25246.819602866984,20826.022458106567,23283.322135604998,2457.2996774984313,4420.797144760418
40000.0,0.05,32,0.9,0.3,176918.2884108674,0.47706422018348627,25116.654587227436,27234.758154273823,22465.866746146454,25116.654587227436,2650.7878410809826,4768.891408127369
40000.0,0.05,32,0.97,0.05,138696.80413085766,0.4954128440366973,25094.247190596492,27210.461127534414,22445.824204848188,25094.247190596492,2648.422985748304,4764.636922686226
40000.0,0.05,32,0.97,0.3,190678.5997317126,0.47706422018348627,27070.172166234013,29353.01712182846,24213.2119375134,27070.172166234013,2856.9602287206144,5139.805184315061
40000.0,0.07,18,0.9,0.05,231503.7564100741,0.4036697247706422,23283.322135604998,25246.819602866984,20826.022458106567,23283.322135604998,2457.2996774984313,4420.797144760418
40000.0,0.07,18,0.9,0.3,279734.28841086733,0.3119266055045872,25116.654587227436,27234.758154273823,22465.866746146454,25116.654587227436,2650.7878410809826,4768.891408127369
40000.0,0.07,18,0.97,0.05,249509.6041308576,0.4036697247706422,25094.247190596492,27210.461127534414,22445.824204848188,25094.247190596492,2648.422985748304,4764.636922686226
40000.0,0.07,18,0.97,0.3,301491.39973171265,0.3119266055045872,27070.172166234013,29353.01712182846,24213.2119375134,27070.172166234013,2856.9602287206144,5139.805184315061
40000.0,0.07,25,0.9,0.05,83327.75641007406,0.5229357798165137,23283.322135604998,25246.819602866984,20826.022458106567,23283.322135604998,2457.2996774984313,4420.797144760418
40000.0,0.07,25,0.9,0.3,131558.28841086727,0.5045871559633027,25116.654587227436,27234.758154273823,22465.866746146454,25116.654587227436,2650.7878410809826,4768.891408127369
40000.0,0.07,25,0.97,0.05,89808.80413085755,0.5229357798165137,25094.247190596492,27210.461127534414,22445.824204848188,25094.247190596492,2648.422985748304,4764.636922686226
40000.0,0.07,25,0.97,0.3,141790.5997317125,0.5045871559633027,27070.172166234013,29353.01712182846,24213.2119375134,27070.172166234013,2856.9602287206144,5139.805184315061
40000.0,0.07,32,0.9,0.05,-64848.24358992596,0.6605504587155964,23283.322135604998,25246.819602866984,20826.022458106567,23283.322135604998,2457.2996774984313,4420.797144760418
40000.0,0.07,32,0.9,0.3,-16617.71158913271,0.6146788990825688,25116.654587227436,27234.758154273823,22465.866746146454,25116.654587227436,2650.7878410809826,4768.891408127369
40000.0,0.07,32,0.97,0.05,-69891.9958691424,0.6605504587155964,25094.247190596492,27210.461127534414,22445.824204848188,25094.247190596492,2648.422985748304,4764.636922686226
40000.0,0.07,32,0.97,0.3,-17910.20026828745,0.6146788990825688,27070.172166234013,29353.01712182846,24213.2119375134,27070.172166234013,2856.9602287206144,5139.805184315061
60000.0,0.03,18,0.9,0.05,755495.6346151114,0.0,34924.98320340749,37870.22940430048,31239.033687159845,34924.98320340749,3685.9495162476487,6631.195717140636
60000.0,0.03,18,0.9,0.3,827841.4326163011,0.0,37674.98188084115,40852.13723141074,33698.800119219675,37674.98188084115,3976.1817616214757,7153.337112191068
60000.0,0.03,18,0.97,0.05,814256.4061962866,0.0,37641.370785894745,40815.69169130161,33668.73630727227,37641.370785894745,3972.6344786224727,7146.955384029337
60000.0,0.03,18,0.97,0.3,892229.0995975689,0.0,40605.25824935103,44029.52568274269,36319.81790627009,40605.25824935103,4285.44034308094,7709.7077764726055
60000.0,0.03,25,0.9,0.05,691991.6346151114,0.0,34924.98320340749,37870.22940430048,31239.033687159845,34924.98320340749,3685.9495162476487,6631.195717140636
60000.0,0.03,25,0.9,0.3,764337.4326163011,0.0,37674.98188084115,40852.13723141074,33698.800119219675,37674.98188084115,3976.1817616214757,7153.337112191068
60000.0,0.03,25,0.97,0.05,745813.2061962864,0.0,37641.370785894745,40815.69169130161,33668.73630727227,37641.370785894745,3972.6344786224727,7146.955384029337
60000.0,0.03,25,0.97,0.3,823785.8995975689,0.0,40605.25824935103,44029.52568274269,36319.81790627009,40605.25824935103,4285.44034308094,7709.7077764726055
60000.0,0.03,32,0.9,0.05,628487.6346151114,0.0,34924.98320340749,37870.22940430048,31239.033687159845,34924.98320340749,3685.9495162476487,6631.195717140636
60000.0,0.03,32,0.9,0.3,700833.4326163011,0.0,37674.98188084115,40852.13723141074,33698.800119219675,37674.98188084115,3976.1817616214757,7153.337112191068
60000.0,0.03,32,0.97,0.05,677370.0061962865,0.0,37641.370785894745,40815.69169130161,33668.73630727227,37641.370785894745,3972.6344786224727,7146.955384029337
60000.0,0.03,32,0.97,0.3,755342.6995975688,0.0,40605.25824935103,44029.52568274269,36319.81790627009,40605.25824935103,4285.44034308094,7709.7077764726055
60000.0,0.05,18,0.9,0.05,646631.6346151114,0.0,34924.98320340749,37870.22940430048,31239.033687159845,34924.98320340749,3685.9495162476487,6631.195717140636
60000.0,0.05,18,0.9,0.3,718977.4326163011,0.0,37674.98188084115,40852.13723141074,33698.800119219675,37674.98188084115,3976.1817616214757,7153.337112191068
60000.0,0.05,18,0.97,0.05,696925.2061962864,0.0,37641.370785894745,40815.69169130161,33668.73630727227,37641.370785894745,3972.6344786224727,7146.955384029337
60000.0,0.05,18,0.97,0.3,774897.8995975689,0.0,40605.25824935103,44029.52568274269,36319.81790627009,40605.25824935103,4285.44034308094,7709.7077764726055
60000.0,0.05,25,0.9,0.05,540791.6346151113,0.11926605504587157,34924.98320340749,37870.22940430048,31239.033687159845,34924.98320340749,3685.9495162476487,6631.195717140636
60000.0,0.05,25,0.9,0.3,613137.4326163011,0.06422018348623854,37674.98188084115,40852.13723141074,33698.800119219675,37674.98188084115,3976.1817616214757,7153.337112191068
60000.0,0.05,25,0.97,0.05,582853.2061962865,0.11926605504587157,37641.370785894745,40815.69169130161,33668.73630727227,37641.370785894745,3972.6344786224727,7146.955384029337
60000.0,0.05,25,0.97,0.3,660825.8995975689,0.06422018348623854,40605.25824935103,44029.52568274269,36319.81790627009,40605.25824935103,4285.44034308094,7709.7077764726055
60000.0,0.05,32,0.9,0.05,434951.6346151112,0.26605504587155965,34924.98320340749,37870.22940430048,31239.033687159845,34924.98320340749,3685.9495162476487,6631.195717140636
60000.0,0.05,32,0.9,0.3,507297.4326163011,0.23853211009174313,37674.98188084115,40852.13723141074,33698.800119219675,37674.98188084115,3976.1817616214757,7153.337112191068
60000.0,0.05,32,0.97,0.05,468781.2061962865,0.26605504587155965,37641.370785894745,40815.69169130161,33668.73630727227,37641.370785894745,3972.6344786224727,7146.955384029337
60000.0,0.05,32,0.97,0.3,546753.8995975689,0.23853211009174313,40605.25824935103,44029.52568274269,36319.81790627009,40605.25824935103,4285.44034308094,7709.7077764726055
60000.0,0.07,18,0.9,0.05,537767.6346151113,0.11926605504587157,34924.98320340749,37870.22940430048,31239.033687159845,34924.98320340749,3685.9495162476487,6631.195717140636
60000.0,0.07,18,0.9,0.3,610113.4326163011,0.06422018348623854,37674.98188084115,40852.13723141074,33698.800119219675,37674.98188084115,3976.1817616214757,7153.337112191068
60000.0,0.07,18,0.97,0.05,579594.0061962864,0.11926605504587157,37641.370785894745,40815.69169130161,33668.73630727227,37641.370785894745,3972.6344786224727,7146.955384029337
60000.0,0.07,18,0.97,0.3,657566.6995975688,0.06422018348623854,40605.25824935103,44029.52568274269,36319.81790627009,40605.25824935103,4285.44034308094,7709.7077764726055
60000.0,0.07,25,0.9,0.05,389591.63461511116,0.3119266055045872,34924.98320340749,37870.22940430048,31239.033687159845,34924.98320340749,3685.9495162476487,6631.195717140636
60000.0,0.07,25,0.9,0.3,461937.432616301,0.26605504587155965,37674.98188084115,40852.13723141074,33698.800119219675,37674.98188084115,3976.1817616214757,7153.337112191068
60000.0,0.07,25,0.97,0.05,419893.2061962865,0.3119266055045872,37641.370785894745,40815.69169130161,33668.73630727227,37641.370785894745,3972.6344786224727,7146.955384029337
60000.0,0.07,25,0.97,0.3,497865.8995975688,0.26605504587155965,40605.25824935103,44029.52568274269,36319.81790627009,40605.25824935103,4285.44034308094,7709.7077764726055
60000.0,0.07,32,0.9,0.05,241415.63461511114,0.47706422018348627,34924.98320340749,37870.22940430048,31239.033687159845,34924.98320340749,3685.9495162476487,6631.195717140636
60000.0,0.07,32,0.9,0.3,313761.432616301,0.44954128440366975,37674.98188084115,40852.13723141074,33698.800119219675,37674.98188084115,3976.1817616214757,7153.337112191068
60000.0,0.07,32,0.97,0.05,260192.40619628647,0.47706422018348627,37641.370785894745,40815.69169130161,33668.73630727227,37641.370785894745,3972.6344786224727,7146.955384029337
60000.0,0.07,32,0.97,0.3,338165.09959756874,0.44954128440366975,40605.25824935103,44029.52568274269,36319.81790627009,40605.25824935103,4285.44034308094,7709.7077764726055
90000.0,0.03,18,0.9,0.05,1214891.4519226667,0.0,52387.47480511125,56805.34410645069,46858.55053073977,52387.47480511125,5528.9242743714785,9946.793575710923
90000.0,0.03,18,0.9,0.3,1323410.1489244513,0.0,56512.47282126174,61278.20584711612,50548.20017882951,56512.47282126174,5964.272642432232,10730.005668286612
90000.0,0.03,18,0.97,0.05,1309383.0092944303,0.0,56462.05617884212,61223.53753695242,50503.10446090843,56462.05617884212,5958.951717933691,10720.433076043992
90000.0,0.03,18,0.97,0.3,1426342.0493963533,0.0,60907.88737402654,66044.28852411405,54479.72685940514,60907.88737402654,6428.160514621399,11564.561664708905
90000.0,0.03,25,0.9,0.05,1151387.4519226667,0.0,52387.47480511125,56805.34410645069,46858.55053073977,52387.47480511125,5528.9242743714785,9946.793575710923
90000.0,0.03,25,0.9,0.3,1259906.1489244513,0.0,56512.47282126174,61278.20584711612,50548.20017882951,56512.47282126174,5964.272642432232,10730.005668286612
90000.0,0.03,25,0.97,0.05,1240939.8092944294,0.0,56462.05617884212,61223.53753695242,50503.10446090843,56462.05617884212,5958.951717933691,10720.433076043992
90000.0,0.03,25,0.97,0.3,1357898.8493963534,0.0,60907.88737402654,66044.28852411405,54479.72685940514,60907.88737402654,6428.160514621399,11564.561664708905
90000.0,0.03,32,0.9,0.05,1087883.4519226667,0.0,52387.47480511125,56805.34410645069,46858.55053073977,52387.47480511125,5528.9242743714785,9946.793575710923
90000.0,0.03,32,0.9,0.3,1196402.1489244516,0.0,56512.47282126174,61278.20584711612,50548.20017882951,56512.47282126174,5964.272642432232,10730.005668286612
90000.0,0.03,32,0.97,0.05,1172496.6092944297,0.0,56462.05617884212,61223.53753695242,50503.10446090843,56462.05617884212,5958.951717933691,10720.433076043992
90000.0,0.03,32,0.97,0.3,1289455.6493963534,0.0,60907.88737402654,66044.28852411405,54479.72685940514,60907.88737402654,6428.160514621399,11564.561664708905
90000.0,0.05,18,0.9,0.05,1106027.4519226667,0.0,52387.47480511125,56805.34410645069,46858.55053073977,52387.47480511125,5528.9242743714785,9946.793575710923
90000.0,0.05,18,0.9,0.3,1214546.1489244516,0.0,56512.47282126174,61278.20584711612,50548.20017882951,56512.47282126174,5964.272642432232,10730.005668286612
90000.0,0.05,18,0.97,0.05,1192051.8092944296,0.0,56462.05617884212,61223.53753695242,50503.10446090843,56462.05617884212,5958.951717933691,10720.433076043992
90000.0,0.05,18,0.97,0.3,1309010.8493963534,0.0,60907.88737402654,66044.28852411405,54479.72685940514,60907.88737402654,6428.160514621399,11564.561664708905
90000.0,0.05,25,0.9,0.05,1000187.4519226669,0.0,52387.47480511125,56805.34410645069,46858.55053073977,52387.47480511125,5528.9242743714785,9946.793575710923
90000.0,0.05,25,0.9,0.3,1108706.1489244518,0.0,56512.47282126174,61278.20584711612,50548.20017882951,56512.47282126174,5964.272642432232,10730.005668286612
90000.0,0.05,25,0.97,0.05,1077979.8092944296,0.0,56462.05617884212,61223.53753695242,50503.10446090843,56462.05617884212,5958.951717933691,10720.433076043992
90000.0,0.05,25,0.97,0.3,1194938.8493963531,0.0,60907.88737402654,66044.28852411405,54479.72685940514,60907.88737402654,6428.160514621399,11564.561664708905
90000.0,0.05,32,0.9,0.05,894347.4519226669,0.045871559633027525,52387.47480511125,56805.34410645069,46858.55053073977,52387.47480511125,5528.9242743714785,9946.793575710923
90000.0,0.05,32,0.9,0.3,1002866.1489244519,0.0,56512.47282126174,61278.20584711612,50548.20017882951,56512.47282126174,5964.272642432232,10730.005668286612
90000.0,0.05,32,0.97,0.05,963907.8092944297,0.045871559633027525,56462.05617884212,61223.53753695242,50503.10446090843,56462.05617884212,5958.951717933691,10720.433076043992
90000.0,0.05,32,0.97,0.3,1080866.8493963531,0.0,60907.88737402654,66044.28852411405,54479.72685940514,60907.88737402654,6428.160514621399,11564.561664708905
90000.0,0.07,18,0.9,0.05,997163.4519226669,0.0,52387.47480511125,56805.34410645069,46858.55053073977,52387.47480511125,5528.9242743714785,9946.793575710923
90000.0,0.07,18,0.9,0.3,1105682.1489244518,0.0,56512.47282126174,61278.20584711612,50548.20017882951,56512.47282126174,5964.272642432232,10730.005668286612
90000.0,0.07,18,0.97,0.05,1074720.6092944297,0.0,56462.05617884212,61223.53753695242,50503.10446090843,56462.05617884212,5958.951717933691,10720.433076043992
90000.0,0.07,18,0.97,0.3,1191679.6493963534,0.0,60907.88737402654,66044.28852411405,54479.72685940514,60907.88737402654,6428.160514621399,11564.561664708905
90000.0,0.07,25,0.9,0.05,848987.4519226667,0.06422018348623854,52387.47480511125,56805.34410645069,46858.55053073977,52387.47480511125,5528.9242743714785,9946.793575710923
90000.0,0.07,25,0.9,0.3,957506.1489244517,0.045871559633027525,56512.47282126174,61278.20584711612,50548.20017882951,56512.47282126174,5964.272642432232,10730.005668286612
90000.0,0.07,25,0.97,0.05,915019.8092944297,0.06422018348623854,56462.05617884212,61223.53753695242,50503.10446090843,56462.05617884212,5958.951717933691,10720.433076043992
90000.0,0.07,25,0.97,0.3,1031978.849396353,0.045871559633027525,60907.88737402654,66044.28852411405,54479.72685940514,60907.88737402654,6428.160514621399,11564.561664708905
90000.0,0.07,32,0.9,0.05,700811.4519226667,0.23853211009174313,52387.47480511125,56805.34410645069,46858.55053073977,52387.47480511125,5528.9242743714785,9946.793575710923
90000.0,0.07,32,0.9,0.3,809330.1489244517,0.1834862385321101,56512.47282126174,61278.20584711612,50548.20017882951,56512.47282126174,5964.272642432232,10730.005668286612
90000.0,0.07,32,0.97,0.05,755319.0092944297,0.23853211009174313,56462.05617884212,61223.53753695242,50503.10446090843,56462.05617884212,5958.951717933691,10720.433076043992
90000.0,0.07,32,0.97,0.3,872278.0493963533,0.1834862385321101,60907.88737402654,66044.28852411405,54479.72685940514,60907.88737402654,6428.160514621399,11564.561664708905
120000.0,0.03,18,0.9,0.05,1674287.2692302228,0.0,69849.96640681499,75740.45880860096,62478.06737431969,69849.96640681499,7371.899032495297,13262.391434281271
120000.0,0.03,18,0.9,0.3,1818978.8652326022,0.0,75349.9637616823,81704.27446282149,67397.60023843935,75349.9637616823,7952.3635232429515,14306.674224382135
120000.0,0.03,18,0.97,0.05,1804509.6123925732,0.0,75282.74157178949,81631.38338260322,67337.47261454455,75282.74157178949,7945.268957244945,14293.910768058675
120000.0,0.03,18,0.97,0.3,1960454.999195138,0.0,81210.51649870205,88059.05136548539,72639.63581254017,81210.51649870205,8570.88068616188,15419.415552945211
120000.0,0.03,25,0.9,0.05,1610783.2692302228,0.0,69849.96640681499,75740.45880860096,62478.06737431969,69849.96640681499,7371.899032495297,13262.391434281271
120000.0,0.03,25,0.9,0.3,1755474.8652326022,0.0,75349.9637616823,81704.27446282149,67397.60023843935,75349.9637616823,7952.3635232429515,14306.674224382135
120000.0,0.03,25,0.97,0.05,1736066.4123925727,0.0,75282.74157178949,81631.38338260322,67337.47261454455,75282.74157178949,7945.268957244945,14293.910768058675
120000.0,0.03,25,0.97,0.3,1892011.7991951378,0.0,81210.51649870205,88059.05136548539,72639.63581254017,81210.51649870205,8570.88068616188,15419.415552945211
120000.0,0.03,32,0.9,0.05,1547279.2692302228,0.0,69849.96640681499,75740.45880860096,62478.06737431969,69849.96640681499,7371.899032495297,13262.391434281271
120000.0,0.03,32,0.9,0.3,1691970.8652326022,0.0,75349.9637616823,81704.27446282149,67397.60023843935,75349.9637616823,7952.3635232429515,14306.674224382135
120000.0,0.03,32,0.97,0.05,1667623.2123925728,0.0,75282.74157178949,81631.38338260322,67337.47261454455,75282.74157178949,7945.268957244945,14293.910768058675
120000.0,0.03,32,0.97,0.3,1823568.5991951379,0.0,81210.51649870205,88059.05136548539,72639.63581254017,81210.51649870205,8570.88068616188,15419.415552945211
120000.0,0.05,18,0.9,0.05,1565423.2692302228,0.0,69849.96640681499,75740.45880860096,62478.06737431969,69849.96640681499,7371.899032495297,13262.391434281271
120000.0,0.05,18,0.9,0.3,1710114.8652326022,0.0,75349.9637616823,81704.27446282149,67397.60023843935,75349.9637616823,7952.3635232429515,14306.674224382135
120000.0,0.05,18,0.97,0.05,1687178.4123925727,0.0,75282.74157178949,81631.38338260322,67337.47261454455,75282.74157178949,7945.268957244945,14293.910768058675
120000.0,0.05,18,0.97,0.3,1843123.7991951378,0.0,81210.51649870205,88059.05136548539,72639.63581254017,81210.51649870205,8570.88068616188,15419.415552945211
120000.0,0.05,25,0.9,0.05,1459583.2692302228,0.0,69849.96640681499,75740.45880860096,62478.06737431969,69849.96640681499,7371.899032495297,13262.391434281271
120000.0,0.05,25,0.9,0.3,1604274.8652326022,0.0,75349.9637616823,81704.27446282149,67397.60023843935,75349.9637616823,7952.3635232429515,14306.674224382135
120000.0,0.05,25,0.97,0.05,1573106.4123925727,0.0,75282.74157178949,81631.38338260322,67337.47261454455,75282.74157178949,7945.268957244945,14293.910768058675
120000.0,0.05,25,0.97,0.3,1729051.7991951378,0.0,81210.51649870205,88059.05136548539,72639.63581254017,81210.51649870205,8570.88068616188,15419.415552945211
120000.0,0.05,32,0.9,0.05,1353743.2692302228,0.0,69849.96640681499,75740.45880860096,62478.06737431969,69849.96640681499,7371.899032495297,13262.391434281271
120000.0,0.05,32,0.9,0.3,1498434.8652326022,0.0,75349.9637616823,81704.27446282149,67397.60023843935,75349.9637616823,7952.3635232429515,14306.674224382135
120000.0,0.05,32,0.97,0.05,1459034.4123925727,0.0,75282.74157178949,81631.38338260322,67337.47261454455,75282.74157178949,7945.268957244945,14293.910768058675
120000.0,0.05,32,0.97,0.3,1614979.7991951378,0.0,81210.51649870205,88059.05136548539,72639.63581254017,81210.51649870205,8570.88068616188,15419.415552945211
120000.0,0.07,18,0.9,0.05,1456559.2692302226,0.0,69849.96640681499,75740.45880860096,62478.06737431969,69849.96640681499,7371.899032495297,13262.391434281271
120000.0,0.07,18,0.9,0.3,1601250.865232602,0.0,75349.9637616823,81704.27446282149,67397.60023843935,75349.9637616823,7952.3635232429515,14306.674224382135
120000.0,0.07,18,0.97,0.05,1569847.2123925728,0.0,75282.74157178949,81631.38338260322,67337.47261454455,75282.74157178949,7945.268957244945,14293.910768058675
120000.0,0.07,18,0.97,0.3,1725792.5991951379,0.0,81210.51649870205,88059.05136548539,72639.63581254017,81210.51649870205,8570.88068616188,15419.415552945211
120000.0,0.07,25,0.9,0.05,1308383.2692302226,0.0,69849.96640681499,75740.45880860096,62478.06737431969,69849.96640681499,7371.899032495297,13262.391434281271
120000.0,0.07,25,0.9,0.3,1453074.865232602,0.0,75349.9637616823,81704.27446282149,67397.60023843935,75349.9637616823,7952.3635232429515,14306.674224382135
120000.0,0.07,25,0.97,0.05,1410146.4123925727,0.0,75282.74157178949,81631.38338260322,67337.47261454455,75282.74157178949,7945.268957244945,14293.910768058675
120000.0,0.07,25,0.97,0.3,1566091.7991951378,0.0,81210.51649870205,88059.05136548539,72639.63581254017,81210.51649870205,8570.88068616188,15419.415552945211
120000.0,0.07,32,0.9,0.05,1160207.2692302226,0.05504587155963303,69849.96640681499,75740.45880860096,62478.06737431969,69849.96640681499,7371.899032495297,13262.391434281271
120000.0,0.07,32,0.9,0.3,1304898.865232602,0.027522935779816515,75349.9637616823,81704.27446282149,67397.60023843935,75349.9637616823,7952.3635232429515,14306.674224382135
120000.0,0.07,32,0.97,0.05,1250445.6123925732,0.05504587155963303,75282.74157178949,81631.38338260322,67337.47261454455,75282.74157178949,7945.268957244945,14293.910768058675
120000.0,0.07,32,0.97,0.3,1406390.9991951378,0.027522935779816515,81210.51649870205,88059.05136548539,72639.63581254017,81210.51649870205,8570.88068616188,15419.415552945211
